{
    "cam": {
        "fovy": 55.0,
        "position": [
            18.0,
            10.0,
            8.0
        ],
        "projection": 0,
        "target": [
            1.0,
            2.0,
            -4.0
        ],
        "up": [
            0.0,
            1.0,
            0.0
        ]
    },
    "fps": 60.0,
    "fullscreen": true,
    "light_dir": [
        -0.4210759401321411,
        -0.8421519994735718,
        -0.33686065673828125
    ],
    "screen_height": 1080,
    "screen_width": 1920,
    "world_aabb": {
        "max": [
            8.0,
            12.0,
            5.0
        ],
        "min": [
            -5.0,
            -7.0,
            -12.0
        ]
    }
}
