{
    "cam": {
        "fovy": 55.0,
        "position": [
            8.0,
            2.0,
            14.0
        ],
        "projection": 0,
        "target": [
            0.0,
            -3.0,
            0.0
        ],
        "up": [
            0.0,
            1.0,
            0.0
        ]
    },
    "fps": 60.0,
    "fullscreen": true,
    "light_dir": [
        -0.4210759699344635,
        -0.842151939868927,
        -0.3368607759475708
    ],
    "screen_height": 1080,
    "screen_width": 1920,
    "world_aabb": {
        "max": [
            8.0,
            7.0,
            8.0
        ],
        "min": [
            -8.0,
            -14.0,
            -8.0
        ]
    }
}
