{
    "cam": {
        "fovy": 45.0,
        "position": [
            12.311362266540527,
            15.997373580932617,
            24.04536247253418
        ],
        "projection": 0,
        "target": [
            11.966466903686523,
            15.579423904418945,
            23.204906463623047
        ],
        "up": [
            -0.15867206454277039,
            0.9084703922271729,
            -0.38665837049484253
        ]
    },
    "fps": 60.0,
    "light_dir": [
        -0.4210759699344635,
        -0.842151939868927,
        -0.3368607759475708
    ],
    "screen_height": 1043,
    "screen_width": 1920,
    "world_aabb": {
        "max": [
            10.0,
            8.0,
            10.0
        ],
        "min": [
            -10.0,
            -5.0,
            -10.0
        ]
    }
}
