{
    "cam": {
        "fovy": 55.0,
        "position": [
            12.0,
            14.0,
            26.0
        ],
        "projection": 0,
        "target": [
            12.0,
            4.0,
            -1.0
        ],
        "up": [
            0.0,
            1.0,
            0.0
        ]
    },
    "fps": 60.0,
    "fullscreen": true,
    "light_dir": [
        -0.4210759699344635,
        -0.842151939868927,
        -0.3368607759475708
    ],
    "screen_height": 1080,
    "screen_width": 1920,
    "world_aabb": {
        "max": [
            30.0,
            15.0,
            10.0
        ],
        "min": [
            -5.0,
            -5.0,
            -10.0
        ]
    }
}
