{
    "cam": {
        "fovy": 55.0,
        "position": [
            22.0,
            20.0,
            30.0
        ],
        "projection": 0,
        "target": [
            5.0,
            8.0,
            2.0
        ],
        "up": [
            0.0,
            1.0,
            0.0
        ]
    },
    "fps": 60.0,
    "fullscreen": true,
    "light_dir": [
        -0.4210759699344635,
        -0.842151939868927,
        -0.3368607759475708
    ],
    "screen_height": 1011,
    "screen_width": 1920,
    "world_aabb": {
        "max": [
            25.0,
            40.0,
            20.0
        ],
        "min": [
            -10.0,
            -20.0,
            -15.0
        ]
    }
}
